class_predicted_neural_net,ID
0,0
1,1
1,2
3,3
3,4
3,5
3,6
0,7
3,8
3,9
3,10
3,11
3,12
3,13
3,14
3,15
0,16
3,17
3,18
3,19
5,20
3,21
3,22
3,23
3,24
3,25
3,26
3,27
6,28
3,29
3,30
6,31
3,32
1,33
6,34
3,35
3,36
0,37
0,38
3,39
3,40
0,41
0,42
0,43
3,44
0,45
3,46
0,47
3,48
3,49
0,50
0,51
3,52
0,53
0,54
0,55
3,56
0,57
0,58
3,59
0,60
3,61
3,62
3,63
0,64
0,65
3,66
6,67
6,68
6,69
0,70
1,71
0,72
3,73
0,74
1,75
6,76
6,77
6,78
6,79
6,80
6,81
6,82
6,83
1,84
6,85
6,86
6,87
0,88
3,89
0,90
3,91
3,92
3,93
0,94
3,95
3,96
1,97
3,98
3,99
0,100
0,101
3,102
3,103
3,104
0,105
3,106
3,107
3,108
3,109
0,110
3,111
3,112
3,113
3,114
0,115
0,116
3,117
0,118
0,119
3,120
7,121
8,122
8,123
8,124
8,125
8,126
8,127
8,128
8,129
8,130
8,131
8,132
8,133
8,134
8,135
8,136
3,137
6,138
6,139
1,140
6,141
6,142
6,143
6,144
1,145
1,146
6,147
6,148
6,149
6,150
1,151
6,152
1,153
4,154
1,155
6,156
1,157
1,158
1,159
1,160
1,161
1,162
6,163
6,164
6,165
6,166
6,167
1,168
6,169
6,170
1,171
1,172
6,173
6,174
6,175
6,176
1,177
1,178
1,179
6,180
6,181
1,182
1,183
6,184
1,185
1,186
6,187
6,188
6,189
2,190
1,191
1,192
6,193
6,194
6,195
2,196
6,197
6,198
3,199
6,200
1,201
6,202
6,203
6,204
6,205
6,206
6,207
1,208
1,209
6,210
6,211
6,212
1,213
6,214
1,215
1,216
3,217
6,218
1,219
7,220
6,221
1,222
6,223
1,224
6,225
6,226
6,227
6,228
6,229
6,230
6,231
6,232
6,233
1,234
6,235
6,236
6,237
6,238
6,239
6,240
6,241
6,242
6,243
6,244
6,245
6,246
1,247
6,248
1,249
6,250
6,251
6,252
1,253
6,254
6,255
6,256
6,257
6,258
1,259
6,260
6,261
6,262
6,263
6,264
4,265
1,266
6,267
6,268
1,269
6,270
1,271
6,272
6,273
6,274
1,275
6,276
6,277
1,278
1,279
1,280
6,281
1,282
1,283
6,284
6,285
0,286
0,287
6,288
6,289
0,290
0,291
3,292
5,293
3,294
2,295
2,296
3,297
3,298
6,299
6,300
1,301
1,302
2,303
1,304
2,305
7,306
7,307
7,308
0,309
0,310
0,311
0,312
0,313
0,314
1,315
1,316
1,317
1,318
6,319
1,320
6,321
1,322
1,323
1,324
1,325
1,326
6,327
5,328
1,329
1,330
6,331
6,332
1,333
1,334
1,335
6,336
1,337
1,338
1,339
6,340
0,341
0,342
3,343
3,344
3,345
3,346
0,347
3,348
0,349
0,350
3,351
6,352
3,353
3,354
3,355
6,356
3,357
6,358
0,359
3,360
1,361
1,362
1,363
1,364
1,365
1,366
1,367
1,368
3,369
3,370
0,371
3,372
3,373
0,374
3,375
0,376
3,377
3,378
0,379
3,380
3,381
0,382
0,383
3,384
3,385
0,386
0,387
3,388
5,389
3,390
0,391
3,392
3,393
0,394
0,395
3,396
3,397
3,398
0,399
0,400
5,401
0,402
3,403
0,404
0,405
3,406
0,407
0,408
0,409
5,410
0,411
3,412
0,413
0,414
0,415
3,416
0,417
0,418
3,419
3,420
0,421
0,422
3,423
3,424
0,425
3,426
3,427
3,428
3,429
3,430
0,431
3,432
3,433
0,434
0,435
0,436
0,437
3,438
3,439
0,440
0,441
3,442
3,443
0,444
0,445
0,446
0,447
3,448
0,449
3,450
0,451
3,452
3,453
3,454
0,455
3,456
0,457
0,458
3,459
0,460
0,461
3,462
3,463
3,464
3,465
3,466
3,467
0,468
0,469
0,470
0,471
0,472
0,473
3,474
0,475
3,476
0,477
0,478
3,479
3,480
3,481
3,482
3,483
3,484
0,485
3,486
3,487
3,488
0,489
0,490
3,491
0,492
0,493
3,494
0,495
3,496
0,497
3,498
0,499
0,500
3,501
3,502
5,503
0,504
1,505
0,506
3,507
0,508
0,509
3,510
3,511
8,512
0,513
3,514
0,515
0,516
3,517
3,518
0,519
0,520
3,521
3,522
0,523
0,524
0,525
0,526
3,527
3,528
3,529
0,530
0,531
0,532
0,533
3,534
0,535
0,536
0,537
0,538
3,539
0,540
5,541
0,542
0,543
0,544
0,545
5,546
5,547
0,548
5,549
0,550
0,551
5,552
0,553
0,554
0,555
0,556
0,557
3,558
0,559
0,560
0,561
0,562
0,563
0,564
3,565
0,566
0,567
0,568
0,569
0,570
3,571
3,572
0,573
3,574
0,575
3,576
5,577
3,578
3,579
3,580
0,581
0,582
3,583
3,584
3,585
3,586
3,587
0,588
3,589
0,590
5,591
5,592
0,593
3,594
3,595
3,596
3,597
5,598
5,599
5,600
3,601
3,602
0,603
1,604
3,605
0,606
3,607
0,608
6,609
6,610
6,611
1,612
3,613
6,614
3,615
2,616
3,617
4,618
3,619
0,620
3,621
3,622
0,623
3,624
0,625
0,626
3,627
3,628
0,629
4,630
3,631
0,632
3,633
6,634
3,635
0,636
5,637
3,638
0,639
5,640
0,641
3,642
3,643
3,644
3,645
3,646
3,647
3,648
3,649
0,650
3,651
3,652
3,653
3,654
3,655
3,656
3,657
3,658
3,659
3,660
3,661
3,662
0,663
3,664
3,665
3,666
3,667
3,668
3,669
5,670
3,671
3,672
3,673
3,674
3,675
3,676
0,677
3,678
3,679
3,680
3,681
3,682
3,683
3,684
3,685
3,686
3,687
3,688
3,689
3,690
3,691
3,692
3,693
0,694
3,695
3,696
3,697
3,698
3,699
3,700
0,701
0,702
5,703
4,704
6,705
1,706
1,707
3,708
6,709
5,710
6,711
5,712
6,713
5,714
5,715
5,716
5,717
6,718
6,719
6,720
1,721
5,722
5,723
6,724
6,725
6,726
1,727
3,728
6,729
4,730
4,731
6,732
1,733
5,734
6,735
1,736
6,737
4,738
6,739
6,740
6,741
6,742
6,743
6,744
6,745
5,746
6,747
1,748
6,749
7,750
1,751
3,752
5,753
6,754
5,755
3,756
6,757
6,758
4,759
4,760
3,761
6,762
1,763
4,764
5,765
1,766
3,767
6,768
6,769
1,770
6,771
6,772
5,773
6,774
6,775
6,776
6,777
6,778
6,779
5,780
6,781
6,782
6,783
6,784
6,785
6,786
6,787
6,788
6,789
6,790
1,791
6,792
6,793
6,794
1,795
1,796
5,797
6,798
6,799
6,800
6,801
6,802
0,803
0,804
0,805
0,806
0,807
0,808
0,809
0,810
0,811
0,812
0,813
0,814
0,815
0,816
0,817
0,818
0,819
0,820
0,821
0,822
3,823
3,824
3,825
0,826
0,827
3,828
3,829
0,830
3,831
0,832
3,833
3,834
0,835
3,836
6,837
1,838
1,839
1,840
1,841
1,842
1,843
1,844
1,845
1,846
6,847
1,848
1,849
1,850
1,851
1,852
1,853
1,854
1,855
1,856
1,857
1,858
1,859
1,860
1,861
1,862
0,863
6,864
6,865
6,866
1,867
0,868
0,869
0,870
6,871
6,872
6,873
6,874
2,875
6,876
2,877
6,878
6,879
6,880
6,881
6,882
6,883
6,884
6,885
2,886
2,887
4,888
6,889
6,890
2,891
6,892
6,893
6,894
6,895
6,896
6,897
6,898
6,899
6,900
6,901
6,902
6,903
6,904
6,905
2,906
6,907
6,908
6,909
6,910
6,911
6,912
2,913
6,914
6,915
6,916
4,917
6,918
6,919
6,920
6,921
6,922
6,923
6,924
6,925
6,926
6,927
6,928
6,929
2,930
6,931
0,932
1,933
1,934
1,935
1,936
1,937
6,938
1,939
6,940
1,941
5,942
0,943
1,944
1,945
5,946
1,947
1,948
1,949
6,950
1,951
6,952
3,953
0,954
0,955
3,956
3,957
3,958
3,959
1,960
3,961
1,962
2,963
6,964
6,965
6,966
6,967
2,968
6,969
6,970
6,971
2,972
1,973
6,974
2,975
6,976
6,977
6,978
1,979
6,980
3,981
0,982
6,983
3,984
0,985
3,986
6,987
6,988
3,989
3,990
0,991
3,992
3,993
3,994
3,995
3,996
3,997
3,998
0,999
3,1000
0,1001
3,1002
3,1003
3,1004
3,1005
3,1006
3,1007
3,1008
3,1009
3,1010
0,1011
0,1012
0,1013
0,1014
0,1015
0,1016
0,1017
0,1018
0,1019
0,1020
0,1021
0,1022
0,1023
3,1024
0,1025
3,1026
3,1027
0,1028
3,1029
0,1030
0,1031
3,1032
0,1033
3,1034
0,1035
0,1036
0,1037
0,1038
0,1039
3,1040
0,1041
0,1042
0,1043
3,1044
0,1045
3,1046
0,1047
3,1048
0,1049
3,1050
0,1051
0,1052
0,1053
0,1054
0,1055
0,1056
1,1057
6,1058
6,1059
6,1060
1,1061
6,1062
6,1063
1,1064
1,1065
1,1066
6,1067
6,1068
6,1069
6,1070
0,1071
0,1072
0,1073
0,1074
0,1075
0,1076
6,1077
0,1078
6,1079
0,1080
8,1081
8,1082
8,1083
8,1084
8,1085
8,1086
6,1087
6,1088
6,1089
1,1090
5,1091
5,1092
0,1093
5,1094
0,1095
0,1096
0,1097
0,1098
3,1099
3,1100
3,1101
0,1102
3,1103
3,1104
3,1105
3,1106
3,1107
3,1108
5,1109
0,1110
3,1111
3,1112
0,1113
3,1114
3,1115
3,1116
0,1117
6,1118
5,1119
6,1120
6,1121
6,1122
5,1123
6,1124
6,1125
6,1126
6,1127
6,1128
6,1129
6,1130
6,1131
6,1132
6,1133
6,1134
6,1135
6,1136
6,1137
6,1138
1,1139
6,1140
6,1141
6,1142
1,1143
1,1144
6,1145
6,1146
6,1147
6,1148
6,1149
6,1150
8,1151
8,1152
8,1153
4,1154
3,1155
0,1156
0,1157
3,1158
0,1159
0,1160
0,1161
0,1162
0,1163
6,1164
6,1165
6,1166
6,1167
6,1168
6,1169
6,1170
5,1171
6,1172
6,1173
6,1174
6,1175
5,1176
6,1177
6,1178
6,1179
6,1180
5,1181
6,1182
6,1183
6,1184
4,1185
6,1186
6,1187
6,1188
6,1189
6,1190
6,1191
6,1192
4,1193
6,1194
6,1195
6,1196
4,1197
1,1198
6,1199
6,1200
4,1201
6,1202
6,1203
1,1204
6,1205
6,1206
6,1207
1,1208
4,1209
1,1210
6,1211
6,1212
6,1213
6,1214
1,1215
6,1216
4,1217
6,1218
6,1219
1,1220
6,1221
1,1222
1,1223
1,1224
6,1225
6,1226
1,1227
1,1228
6,1229
0,1230
0,1231
0,1232
5,1233
5,1234
5,1235
5,1236
0,1237
6,1238
6,1239
6,1240
1,1241
6,1242
1,1243
1,1244
3,1245
3,1246
3,1247
0,1248
0,1249
0,1250
3,1251
0,1252
0,1253
0,1254
3,1255
3,1256
0,1257
3,1258
3,1259
3,1260
3,1261
3,1262
0,1263
0,1264
3,1265
0,1266
3,1267
3,1268
6,1269
6,1270
1,1271
6,1272
0,1273
6,1274
6,1275
6,1276
5,1277
1,1278
1,1279
1,1280
6,1281
6,1282
1,1283
1,1284
1,1285
1,1286
6,1287
1,1288
1,1289
1,1290
6,1291
1,1292
1,1293
1,1294
1,1295
1,1296
1,1297
1,1298
1,1299
5,1300
3,1301
3,1302
5,1303
0,1304
5,1305
3,1306
5,1307
0,1308
3,1309
5,1310
5,1311
5,1312
3,1313
5,1314
3,1315
0,1316
5,1317
3,1318
3,1319
3,1320
5,1321
5,1322
0,1323
3,1324
3,1325
0,1326
3,1327
5,1328
5,1329
3,1330
5,1331
5,1332
5,1333
3,1334
5,1335
5,1336
5,1337
0,1338
1,1339
4,1340
6,1341
6,1342
6,1343
7,1344
6,1345
6,1346
4,1347
6,1348
6,1349
6,1350
6,1351
7,1352
6,1353
6,1354
6,1355
4,1356
4,1357
6,1358
4,1359
6,1360
6,1361
6,1362
6,1363
6,1364
6,1365
6,1366
1,1367
6,1368
6,1369
6,1370
6,1371
6,1372
6,1373
1,1374
6,1375
6,1376
6,1377
6,1378
6,1379
4,1380
6,1381
6,1382
0,1383
6,1384
6,1385
6,1386
6,1387
6,1388
6,1389
6,1390
6,1391
1,1392
4,1393
6,1394
4,1395
1,1396
4,1397
6,1398
4,1399
4,1400
4,1401
1,1402
6,1403
4,1404
1,1405
6,1406
5,1407
4,1408
4,1409
6,1410
4,1411
4,1412
4,1413
4,1414
4,1415
4,1416
4,1417
6,1418
6,1419
4,1420
4,1421
6,1422
6,1423
6,1424
1,1425
1,1426
6,1427
4,1428
1,1429
6,1430
3,1431
3,1432
3,1433
3,1434
3,1435
3,1436
3,1437
3,1438
3,1439
3,1440
3,1441
3,1442
3,1443
3,1444
3,1445
3,1446
0,1447
3,1448
3,1449
0,1450
0,1451
0,1452
6,1453
6,1454
6,1455
1,1456
4,1457
1,1458
4,1459
0,1460
0,1461
6,1462
6,1463
6,1464
0,1465
6,1466
6,1467
0,1468
6,1469
6,1470
6,1471
6,1472
6,1473
0,1474
1,1475
6,1476
0,1477
6,1478
6,1479
0,1480
4,1481
6,1482
4,1483
0,1484
4,1485
6,1486
4,1487
6,1488
6,1489
6,1490
6,1491
0,1492
6,1493
4,1494
4,1495
6,1496
6,1497
6,1498
1,1499
0,1500
6,1501
6,1502
6,1503
0,1504
0,1505
6,1506
6,1507
6,1508
6,1509
6,1510
6,1511
1,1512
6,1513
2,1514
2,1515
6,1516
2,1517
6,1518
6,1519
6,1520
6,1521
6,1522
6,1523
6,1524
1,1525
6,1526
6,1527
6,1528
6,1529
6,1530
6,1531
1,1532
6,1533
6,1534
6,1535
6,1536
6,1537
1,1538
6,1539
6,1540
6,1541
6,1542
6,1543
6,1544
1,1545
6,1546
6,1547
6,1548
2,1549
6,1550
6,1551
6,1552
2,1553
6,1554
2,1555
6,1556
6,1557
6,1558
6,1559
1,1560
6,1561
2,1562
6,1563
6,1564
2,1565
6,1566
6,1567
6,1568
6,1569
6,1570
6,1571
1,1572
6,1573
2,1574
3,1575
3,1576
3,1577
6,1578
1,1579
1,1580
6,1581
1,1582
3,1583
0,1584
0,1585
0,1586
0,1587
3,1588
0,1589
3,1590
3,1591
3,1592
3,1593
4,1594
0,1595
3,1596
0,1597
3,1598
0,1599
3,1600
3,1601
3,1602
0,1603
3,1604
3,1605
3,1606
0,1607
3,1608
3,1609
0,1610
3,1611
3,1612
3,1613
3,1614
3,1615
0,1616
0,1617
3,1618
3,1619
4,1620
3,1621
3,1622
3,1623
3,1624
0,1625
3,1626
0,1627
3,1628
3,1629
3,1630
3,1631
3,1632
3,1633
3,1634
1,1635
3,1636
3,1637
6,1638
5,1639
6,1640
6,1641
6,1642
6,1643
6,1644
6,1645
2,1646
2,1647
6,1648
6,1649
2,1650
6,1651
6,1652
6,1653
6,1654
6,1655
6,1656
1,1657
6,1658
1,1659
2,1660
2,1661
1,1662
1,1663
6,1664
2,1665
2,1666
6,1667
2,1668
2,1669
6,1670
6,1671
6,1672
2,1673
6,1674
6,1675
6,1676
6,1677
6,1678
6,1679
6,1680
2,1681
6,1682
6,1683
6,1684
6,1685
6,1686
6,1687
0,1688
3,1689
3,1690
3,1691
3,1692
0,1693
0,1694
3,1695
3,1696
3,1697
3,1698
3,1699
3,1700
3,1701
3,1702
3,1703
3,1704
3,1705
6,1706
6,1707
3,1708
0,1709
3,1710
3,1711
0,1712
3,1713
3,1714
3,1715
3,1716
3,1717
0,1718
0,1719
0,1720
0,1721
0,1722
0,1723
3,1724
0,1725
3,1726
0,1727
6,1728
3,1729
3,1730
3,1731
3,1732
3,1733
3,1734
3,1735
3,1736
3,1737
0,1738
3,1739
3,1740
3,1741
3,1742
3,1743
3,1744
0,1745
3,1746
3,1747
3,1748
3,1749
4,1750
7,1751
4,1752
3,1753
7,1754
7,1755
7,1756
4,1757
4,1758
4,1759
4,1760
4,1761
4,1762
4,1763
4,1764
4,1765
8,1766
7,1767
7,1768
8,1769
7,1770
5,1771
1,1772
0,1773
0,1774
0,1775
0,1776
0,1777
0,1778
0,1779
3,1780
0,1781
6,1782
5,1783
5,1784
5,1785
6,1786
5,1787
6,1788
6,1789
5,1790
6,1791
6,1792
6,1793
6,1794
5,1795
1,1796
5,1797
5,1798
6,1799
5,1800
6,1801
6,1802
1,1803
6,1804
6,1805
6,1806
6,1807
1,1808
1,1809
3,1810
0,1811
3,1812
1,1813
3,1814
0,1815
6,1816
3,1817
3,1818
1,1819
6,1820
1,1821
3,1822
1,1823
1,1824
1,1825
0,1826
0,1827
0,1828
0,1829
0,1830
0,1831
0,1832
0,1833
0,1834
0,1835
0,1836
0,1837
0,1838
3,1839
0,1840
3,1841
1,1842
1,1843
0,1844
3,1845
3,1846
3,1847
3,1848
0,1849
0,1850
0,1851
8,1852
0,1853
1,1854
6,1855
6,1856
2,1857
6,1858
6,1859
1,1860
2,1861
2,1862
6,1863
2,1864
2,1865
2,1866
6,1867
6,1868
2,1869
6,1870
1,1871
2,1872
2,1873
2,1874
2,1875
2,1876
6,1877
6,1878
2,1879
2,1880
1,1881
2,1882
6,1883
1,1884
2,1885
2,1886
1,1887
6,1888
2,1889
6,1890
6,1891
6,1892
2,1893
2,1894
2,1895
6,1896
2,1897
2,1898
2,1899
0,1900
6,1901
0,1902
3,1903
3,1904
3,1905
3,1906
3,1907
0,1908
0,1909
0,1910
0,1911
0,1912
4,1913
1,1914
6,1915
1,1916
1,1917
1,1918
1,1919
1,1920
1,1921
6,1922
1,1923
6,1924
6,1925
6,1926
6,1927
5,1928
6,1929
1,1930
6,1931
1,1932
4,1933
6,1934
6,1935
6,1936
1,1937
1,1938
6,1939
1,1940
6,1941
6,1942
6,1943
6,1944
6,1945
3,1946
3,1947
3,1948
3,1949
3,1950
1,1951
0,1952
0,1953
0,1954
0,1955
3,1956
3,1957
4,1958
0,1959
0,1960
0,1961
6,1962
6,1963
6,1964
1,1965
6,1966
6,1967
6,1968
6,1969
6,1970
6,1971
6,1972
6,1973
6,1974
6,1975
6,1976
6,1977
6,1978
6,1979
6,1980
6,1981
6,1982
6,1983
6,1984
6,1985
6,1986
6,1987
6,1988
6,1989
5,1990
6,1991
6,1992
6,1993
1,1994
6,1995
4,1996
6,1997
6,1998
6,1999
6,2000
1,2001
3,2002
6,2003
6,2004
4,2005
6,2006
5,2007
6,2008
6,2009
6,2010
1,2011
6,2012
6,2013
5,2014
6,2015
1,2016
5,2017
6,2018
6,2019
1,2020
6,2021
1,2022
6,2023
6,2024
6,2025
4,2026
6,2027
6,2028
6,2029
6,2030
6,2031
6,2032
1,2033
1,2034
5,2035
6,2036
6,2037
6,2038
6,2039
6,2040
4,2041
6,2042
0,2043
6,2044
6,2045
6,2046
6,2047
6,2048
6,2049
6,2050
1,2051
1,2052
6,2053
5,2054
1,2055
6,2056
6,2057
6,2058
6,2059
1,2060
3,2061
0,2062
6,2063
3,2064
3,2065
3,2066
3,2067
5,2068
3,2069
5,2070
5,2071
5,2072
5,2073
5,2074
5,2075
5,2076
5,2077
5,2078
5,2079
5,2080
5,2081
6,2082
6,2083
6,2084
0,2085
0,2086
0,2087
1,2088
0,2089
5,2090
0,2091
0,2092
0,2093
3,2094
3,2095
3,2096
3,2097
3,2098
3,2099
3,2100
3,2101
3,2102
0,2103
1,2104
1,2105
3,2106
3,2107
3,2108
3,2109
0,2110
0,2111
6,2112
1,2113
0,2114
1,2115
3,2116
0,2117
6,2118
6,2119
6,2120
1,2121
6,2122
6,2123
6,2124
6,2125
6,2126
6,2127
6,2128
6,2129
6,2130
6,2131
3,2132
0,2133
3,2134
3,2135
3,2136
3,2137
3,2138
3,2139
3,2140
3,2141
0,2142
3,2143
3,2144
3,2145
0,2146
4,2147
3,2148
3,2149
3,2150
3,2151
3,2152
3,2153
3,2154
3,2155
3,2156
3,2157
3,2158
3,2159
3,2160
3,2161
3,2162
3,2163
3,2164
0,2165
3,2166
3,2167
3,2168
3,2169
3,2170
3,2171
3,2172
3,2173
3,2174
3,2175
3,2176
3,2177
3,2178
3,2179
3,2180
3,2181
3,2182
3,2183
0,2184
3,2185
3,2186
3,2187
3,2188
3,2189
3,2190
3,2191
3,2192
3,2193
3,2194
3,2195
3,2196
3,2197
3,2198
3,2199
3,2200
3,2201
3,2202
3,2203
3,2204
3,2205
3,2206
3,2207
3,2208
3,2209
3,2210
3,2211
3,2212
3,2213
3,2214
3,2215
3,2216
3,2217
3,2218
3,2219
3,2220
3,2221
3,2222
3,2223
3,2224
3,2225
3,2226
3,2227
3,2228
3,2229
3,2230
3,2231
3,2232
3,2233
3,2234
3,2235
3,2236
3,2237
3,2238
3,2239
3,2240
3,2241
3,2242
3,2243
3,2244
3,2245
3,2246
3,2247
3,2248
3,2249
3,2250
3,2251
3,2252
3,2253
3,2254
3,2255
3,2256
3,2257
3,2258
3,2259
3,2260
3,2261
3,2262
3,2263
3,2264
3,2265
3,2266
3,2267
3,2268
3,2269
3,2270
3,2271
3,2272
0,2273
7,2274
7,2275
0,2276
7,2277
7,2278
0,2279
0,2280
0,2281
0,2282
0,2283
8,2284
0,2285
6,2286
6,2287
6,2288
6,2289
6,2290
1,2291
1,2292
1,2293
5,2294
3,2295
3,2296
3,2297
0,2298
3,2299
6,2300
6,2301
6,2302
6,2303
6,2304
6,2305
6,2306
6,2307
6,2308
6,2309
6,2310
0,2311
6,2312
6,2313
6,2314
6,2315
6,2316
6,2317
1,2318
6,2319
5,2320
5,2321
6,2322
6,2323
5,2324
5,2325
6,2326
6,2327
5,2328
6,2329
5,2330
6,2331
6,2332
5,2333
5,2334
6,2335
5,2336
5,2337
5,2338
6,2339
6,2340
5,2341
6,2342
6,2343
5,2344
6,2345
6,2346
5,2347
6,2348
6,2349
6,2350
6,2351
6,2352
3,2353
3,2354
3,2355
3,2356
3,2357
3,2358
3,2359
3,2360
0,2361
0,2362
3,2363
3,2364
3,2365
4,2366
6,2367
3,2368
6,2369
6,2370
6,2371
1,2372
6,2373
6,2374
6,2375
5,2376
6,2377
6,2378
0,2379
6,2380
3,2381
6,2382
6,2383
1,2384
7,2385
6,2386
6,2387
5,2388
6,2389
6,2390
6,2391
6,2392
1,2393
3,2394
3,2395
3,2396
3,2397
3,2398
3,2399
3,2400
3,2401
3,2402
3,2403
0,2404
3,2405
3,2406
3,2407
3,2408
3,2409
3,2410
5,2411
0,2412
0,2413
0,2414
3,2415
3,2416
5,2417
3,2418
3,2419
0,2420
3,2421
0,2422
0,2423
0,2424
5,2425
3,2426
5,2427
5,2428
2,2429
5,2430
3,2431
0,2432
5,2433
0,2434
4,2435
0,2436
5,2437
0,2438
3,2439
0,2440
0,2441
0,2442
0,2443
5,2444
4,2445
4,2446
4,2447
3,2448
0,2449
5,2450
5,2451
3,2452
5,2453
3,2454
0,2455
3,2456
4,2457
2,2458
3,2459
4,2460
5,2461
3,2462
3,2463
4,2464
3,2465
4,2466
4,2467
4,2468
2,2469
0,2470
3,2471
4,2472
4,2473
0,2474
0,2475
5,2476
3,2477
0,2478
3,2479
4,2480
2,2481
0,2482
4,2483
0,2484
0,2485
0,2486
4,2487
4,2488
3,2489
3,2490
0,2491
3,2492
4,2493
0,2494
0,2495
0,2496
3,2497
4,2498
2,2499
4,2500
0,2501
0,2502
4,2503
5,2504
3,2505
0,2506
2,2507
5,2508
4,2509
0,2510
3,2511
0,2512
0,2513
5,2514
5,2515
4,2516
5,2517
3,2518
4,2519
2,2520
5,2521
0,2522
0,2523
0,2524
0,2525
0,2526
4,2527
4,2528
3,2529
3,2530
4,2531
0,2532
3,2533
3,2534
4,2535
4,2536
2,2537
0,2538
4,2539
5,2540
0,2541
0,2542
2,2543
3,2544
5,2545
4,2546
0,2547
3,2548
0,2549
5,2550
3,2551
0,2552
0,2553
0,2554
3,2555
3,2556
0,2557
3,2558
3,2559
5,2560
4,2561
0,2562
3,2563
0,2564
0,2565
0,2566
0,2567
3,2568
0,2569
3,2570
4,2571
5,2572
3,2573
3,2574
4,2575
3,2576
0,2577
0,2578
0,2579
2,2580
4,2581
0,2582
0,2583
3,2584
0,2585
4,2586
2,2587
4,2588
3,2589
5,2590
3,2591
0,2592
5,2593
5,2594
3,2595
3,2596
5,2597
3,2598
0,2599
0,2600
5,2601
4,2602
4,2603
4,2604
3,2605
5,2606
0,2607
0,2608
5,2609
0,2610
0,2611
4,2612
5,2613
0,2614
4,2615
0,2616
3,2617
0,2618
0,2619
4,2620
3,2621
0,2622
3,2623
5,2624
4,2625
3,2626
3,2627
4,2628
2,2629
3,2630
3,2631
2,2632
5,2633
0,2634
0,2635
0,2636
3,2637
0,2638
0,2639
0,2640
4,2641
5,2642
3,2643
2,2644
4,2645
3,2646
4,2647
3,2648
2,2649
0,2650
4,2651
0,2652
0,2653
3,2654
4,2655
0,2656
3,2657
5,2658
0,2659
4,2660
4,2661
4,2662
4,2663
0,2664
5,2665
4,2666
4,2667
0,2668
3,2669
0,2670
0,2671
5,2672
0,2673
0,2674
4,2675
2,2676
0,2677
0,2678
4,2679
5,2680
6,2681
6,2682
6,2683
3,2684
6,2685
6,2686
1,2687
1,2688
6,2689
4,2690
5,2691
1,2692
1,2693
1,2694
6,2695
6,2696
4,2697
6,2698
3,2699
6,2700
1,2701
4,2702
6,2703
1,2704
6,2705
1,2706
6,2707
6,2708
1,2709
6,2710
1,2711
1,2712
6,2713
1,2714
1,2715
1,2716
1,2717
6,2718
6,2719
6,2720
6,2721
1,2722
6,2723
1,2724
6,2725
1,2726
6,2727
6,2728
1,2729
1,2730
1,2731
6,2732
6,2733
1,2734
6,2735
4,2736
6,2737
1,2738
1,2739
5,2740
1,2741
1,2742
6,2743
1,2744
6,2745
6,2746
6,2747
6,2748
6,2749
1,2750
1,2751
6,2752
1,2753
6,2754
5,2755
6,2756
6,2757
6,2758
6,2759
6,2760
1,2761
6,2762
6,2763
1,2764
6,2765
6,2766
6,2767
6,2768
1,2769
6,2770
6,2771
6,2772
6,2773
5,2774
0,2775
5,2776
5,2777
5,2778
5,2779
5,2780
0,2781
5,2782
5,2783
5,2784
0,2785
5,2786
5,2787
0,2788
0,2789
5,2790
5,2791
5,2792
5,2793
5,2794
5,2795
5,2796
5,2797
4,2798
0,2799
0,2800
0,2801
5,2802
0,2803
0,2804
0,2805
5,2806
5,2807
5,2808
5,2809
5,2810
5,2811
5,2812
5,2813
5,2814
5,2815
5,2816
5,2817
5,2818
4,2819
5,2820
5,2821
5,2822
0,2823
0,2824
4,2825
5,2826
4,2827
5,2828
5,2829
5,2830
5,2831
5,2832
5,2833
4,2834
0,2835
0,2836
5,2837
5,2838
0,2839
3,2840
5,2841
0,2842
5,2843
0,2844
5,2845
0,2846
5,2847
5,2848
5,2849
5,2850
4,2851
5,2852
0,2853
5,2854
0,2855
4,2856
5,2857
4,2858
5,2859
0,2860
0,2861
5,2862
5,2863
5,2864
5,2865
0,2866
5,2867
4,2868
5,2869
5,2870
0,2871
0,2872
5,2873
5,2874
5,2875
5,2876
4,2877
5,2878
5,2879
0,2880
5,2881
0,2882
5,2883
5,2884
5,2885
5,2886
5,2887
0,2888
5,2889
5,2890
5,2891
5,2892
5,2893
5,2894
5,2895
5,2896
5,2897
5,2898
4,2899
0,2900
5,2901
0,2902
0,2903
0,2904
0,2905
0,2906
4,2907
0,2908
0,2909
6,2910
6,2911
6,2912
6,2913
6,2914
6,2915
6,2916
6,2917
6,2918
6,2919
6,2920
6,2921
6,2922
4,2923
6,2924
6,2925
6,2926
4,2927
4,2928
1,2929
1,2930
6,2931
6,2932
0,2933
0,2934
1,2935
6,2936
3,2937
1,2938
1,2939
1,2940
6,2941
6,2942
6,2943
1,2944
5,2945
5,2946
6,2947
6,2948
1,2949
0,2950
0,2951
6,2952
6,2953
1,2954
1,2955
6,2956
6,2957
0,2958
0,2959
6,2960
1,2961
6,2962
6,2963
1,2964
6,2965
1,2966
6,2967
6,2968
6,2969
6,2970
1,2971
1,2972
6,2973
1,2974
1,2975
6,2976
6,2977
6,2978
6,2979
1,2980
6,2981
6,2982
6,2983
6,2984
6,2985
1,2986
6,2987
1,2988
1,2989
6,2990
1,2991
6,2992
6,2993
6,2994
1,2995
1,2996
6,2997
6,2998
6,2999
1,3000
6,3001
1,3002
6,3003
6,3004
6,3005
1,3006
6,3007
6,3008
6,3009
6,3010
6,3011
1,3012
1,3013
1,3014
1,3015
1,3016
6,3017
5,3018
1,3019
6,3020
6,3021
6,3022
1,3023
1,3024
6,3025
6,3026
1,3027
6,3028
1,3029
1,3030
6,3031
6,3032
1,3033
6,3034
6,3035
1,3036
6,3037
6,3038
1,3039
1,3040
6,3041
1,3042
6,3043
6,3044
6,3045
1,3046
3,3047
6,3048
1,3049
6,3050
6,3051
1,3052
6,3053
6,3054
1,3055
1,3056
1,3057
1,3058
1,3059
6,3060
8,3061
1,3062
1,3063
0,3064
6,3065
6,3066
6,3067
6,3068
6,3069
6,3070
6,3071
1,3072
1,3073
6,3074
6,3075
6,3076
1,3077
3,3078
6,3079
4,3080
1,3081
6,3082
6,3083
1,3084
1,3085
1,3086
3,3087
6,3088
6,3089
6,3090
1,3091
6,3092
1,3093
1,3094
1,3095
0,3096
1,3097
6,3098
6,3099
1,3100
6,3101
6,3102
6,3103
6,3104
1,3105
0,3106
0,3107
1,3108
7,3109
0,3110
0,3111
0,3112
2,3113
7,3114
0,3115
1,3116
6,3117
1,3118
6,3119
1,3120
6,3121
6,3122
6,3123
6,3124
6,3125
6,3126
5,3127
4,3128
5,3129
6,3130
5,3131
6,3132
6,3133
6,3134
2,3135
6,3136
6,3137
6,3138
6,3139
6,3140
6,3141
6,3142
6,3143
6,3144
6,3145
6,3146
6,3147
6,3148
6,3149
6,3150
1,3151
6,3152
6,3153
6,3154
1,3155
6,3156
6,3157
6,3158
6,3159
0,3160
0,3161
1,3162
6,3163
6,3164
6,3165
1,3166
6,3167
6,3168
6,3169
6,3170
6,3171
6,3172
6,3173
6,3174
6,3175
2,3176
0,3177
0,3178
6,3179
6,3180
6,3181
6,3182
3,3183
0,3184
5,3185
5,3186
1,3187
6,3188
1,3189
6,3190
6,3191
6,3192
6,3193
6,3194
1,3195
6,3196
6,3197
0,3198
0,3199
0,3200
3,3201
0,3202
0,3203
0,3204
0,3205
5,3206
5,3207
4,3208
4,3209
0,3210
4,3211
0,3212
0,3213
1,3214
6,3215
3,3216
6,3217
6,3218
1,3219
1,3220
6,3221
6,3222
6,3223
6,3224
6,3225
1,3226
6,3227
6,3228
6,3229
6,3230
4,3231
1,3232
4,3233
6,3234
6,3235
1,3236
6,3237
1,3238
5,3239
6,3240
5,3241
6,3242
6,3243
6,3244
6,3245
6,3246
1,3247
5,3248
1,3249
1,3250
6,3251
0,3252
0,3253
3,3254
2,3255
3,3256
6,3257
4,3258
6,3259
1,3260
6,3261
6,3262
6,3263
6,3264
6,3265
1,3266
4,3267
3,3268
1,3269
1,3270
6,3271
3,3272
1,3273
3,3274
1,3275
3,3276
4,3277
6,3278
1,3279
1,3280
1,3281
3,3282
1,3283
6,3284
1,3285
6,3286
1,3287
6,3288
1,3289
1,3290
6,3291
6,3292
1,3293
6,3294
3,3295
6,3296
3,3297
3,3298
0,3299
3,3300
3,3301
3,3302
3,3303
3,3304
3,3305
0,3306
0,3307
6,3308
0,3309
6,3310
3,3311
3,3312
0,3313
5,3314
3,3315
5,3316
3,3317
0,3318
3,3319
3,3320
